Workbook

Sheet Leia-me
A1: Sistema de Chamados de TI – Rede Hirota
A2: Unidades: Super, Express e Em Casa (217 lojas) – planilha-base para registro e acompanhamento de chamados
A4: Aba | B4: Para que serve
A5: Unidades | B5: Cadastro das 217 lojas (códigos U001 a U217 já criados). Preencha nome, formato, cidade, gerente e telefone. A coluna 'Chamados' conta automaticamente.
A6: Ativos | B6: Cadastro de balanças, PDVs, impressoras, roteadores, celulares etc. vinculados à unidade. Mostra quantos chamados cada equipamento já teve.
A7: Categorias | B7: Categorias e subcategorias de problema (rede, software, hardware, balança, telefonia, celular, cabos, fontes, outros).
A8: Prioridade_SLA | B8: Níveis de prioridade e prazo de atendimento (SLA) em horas. Os prazos em azul podem ser editados.
A9: Chamados | B9: Registro dos chamados. Preencha apenas as colunas de entrada; unidade, formato, SLA, prazo, tempo de resolução e 'SLA cumprido?' são calculados.
A10: Fluxo_Status | B10: Etapas pelas quais o chamado passa, do aberto ao fechado.
A11: Dashboard | B11: Indicadores: chamados por status, categoria, formato e prioridade, SLA cumprido e tempo médio de resolução.
A12: Recursos | B12: Checklist de funcionalidades recomendadas para o sistema (WhatsApp, escalonamento, relatórios etc.).
A13: Opções_Implantação | B13: Comparativo entre ferramenta pronta e sistema sob medida.
A14: Listas | B14: Listas usadas nos menus suspensos. Não apague.
A16: Legenda de cores
A17: Texto azul | B17: Valor digitado / editável (entrada de dados)
A18: Texto preto | B18: Fórmula calculada automaticamente – não sobrescrever
A19: Texto cinza itálico | B19: Linha de exemplo – substitua ou apague ao começar a usar
A21: Premissas
A22: 1. | B22: SLA em horas corridas (não considera horário comercial nem fim de semana). 'Média = 1 dia útil' e 'Baixa = 3 dias úteis' foram convertidos para 24 h e 72 h.
A23: 2. | B23: Os prazos de SLA (1h, 4h, 24h, 72h) são a sugestão da proposta e podem ser ajustados na aba Prioridade_SLA.
A24: 3. | B24: A aba Chamados tem fórmulas prontas até a linha 501. Para mais chamados, copie as fórmulas das colunas calculadas para baixo.
A25: 4. | B25: O Dashboard inclui a linha de exemplo da aba Chamados; apague-a para não contar no indicador.

Sheet Unidades
A1: Código | B1: Nome da unidade | C1: Formato | D1: Cidade | E1: Região | F1: Gerente | G1: Telefone | H1: Horário de funcionamento | I1: Chamados
A2: U001 | B2: Exemplo – Hirota Super Centro | C2: Super | D2: São Paulo | E2: Zona Sul | F2: Maria Silva | G2: (11) 90000-0000 | H2: 07:00–22:00 | I2: =COUNTIF(Chamados!$C$2:$C$501,A2) -> 1
A3: U002 | I3: =COUNTIF(Chamados!$C$2:$C$501,A3) -> 0
A4: U003 | I4: =COUNTIF(Chamados!$C$2:$C$501,A4) -> 0
A5: U004 | I5: =COUNTIF(Chamados!$C$2:$C$501,A5) -> 0
A6: U005 | I6: =COUNTIF(Chamados!$C$2:$C$501,A6) -> 0
A7: U006 | I7: =COUNTIF(Chamados!$C$2:$C$501,A7) -> 0
A8: U007 | I8: =COUNTIF(Chamados!$C$2:$C$501,A8) -> 0
A9: U008 | I9: =COUNTIF(Chamados!$C$2:$C$501,A9) -> 0
A10: U009 | I10: =COUNTIF(Chamados!$C$2:$C$501,A10) -> 0
A11: U010 | I11: =COUNTIF(Chamados!$C$2:$C$501,A11) -> 0
A12: U011 | I12: =COUNTIF(Chamados!$C$2:$C$501,A12) -> 0
A13: U012 | I13: =COUNTIF(Chamados!$C$2:$C$501,A13) -> 0
A14: U013 | I14: =COUNTIF(Chamados!$C$2:$C$501,A14) -> 0
... A218: U217 | I218: =COUNTIF(Chamados!$C$2:$C$501,A218) -> 0

Sheet Ativos
A1: Patrimônio | B1: Tipo | C1: Modelo | D1: Nº de série | E1: Cód. unidade | F1: Unidade | G1: Status | H1: Chamados
A2: PAT-00001 | B2: Balança | C2: Exemplo – Balança 15 kg | D2: SN123456 | E2: U001 | F2: =IF(E2="","",IFERROR(INDEX(Unidades!$B$2:$B$218,MATCH(E2,Unidades!$A$2:$A$218,0)),"Código não encontrado")) -> Exemplo – Hirota Super Centro | G2: Em uso | H2: =IF(A2="","",COUNTIF(Chamados!$J$2:$J$501,A2)) -> 1
F3: =IF(E3="","",IFERROR(INDEX(Unidades!$B$2:$B$218,MATCH(E3,Unidades!$A$2:$A$218,0)),"Código não encontrado")) | H3: =IF(A3="","",COUNTIF(Chamados!$J$2:$J$501,A3))
F4: =IF(E4="","",IFERROR(INDEX(Unidades!$B$2:$B$218,MATCH(E4,Unidades!$A$2:$A$218,0)),"Código não encontrado")) | H4: =IF(A4="","",COUNTIF(Chamados!$J$2:$J$501,A4))
F5: =IF(E5="","",IFERROR(INDEX(Unidades!$B$2:$B$218,MATCH(E5,Unidades!$A$2:$A$218,0)),"Código não encontrado")) | H5: =IF(A5="","",COUNTIF(Chamados!$J$2:$J$501,A5))
F6: =IF(E6="","",IFERROR(INDEX(Unidades!$B$2:$B$218,MATCH(E6,Unidades!$A$2:$A$218,0)),"Código não encontrado")) | H6: =IF(A6="","",COUNTIF(Chamados!$J$2:$J$501,A6))
F7: =IF(E7="","",IFERROR(INDEX(Unidades!$B$2:$B$218,MATCH(E7,Unidades!$A$2:$A$218,0)),"Código não encontrado")) | H7: =IF(A7="","",COUNTIF(Chamados!$J$2:$J$501,A7))
F8: =IF(E8="","",IFERROR(INDEX(Unidades!$B$2:$B$218,MATCH(E8,Unidades!$A$2:$A$218,0)),"Código não encontrado")) | H8: =IF(A8="","",COUNTIF(Chamados!$J$2:$J$501,A8))
F9: =IF(E9="","",IFERROR(INDEX(Unidades!$B$2:$B$218,MATCH(E9,Unidades!$A$2:$A$218,0)),"Código não encontrado")) | H9: =IF(A9="","",COUNTIF(Chamados!$J$2:$J$501,A9))
F10: =IF(E10="","",IFERROR(INDEX(Unidades!$B$2:$B$218,MATCH(E10,Unidades!$A$2:$A$218,0)),"Código não encontrado")) | H10: =IF(A10="","",COUNTIF(Chamados!$J$2:$J$501,A10))
F11: =IF(E11="","",IFERROR(INDEX(Unidades!$B$2:$B$218,MATCH(E11,Unidades!$A$2:$A$218,0)),"Código não encontrado")) | H11: =IF(A11="","",COUNTIF(Chamados!$J$2:$J$501,A11))
F12: =IF(E12="","",IFERROR(INDEX(Unidades!$B$2:$B$218,MATCH(E12,Unidades!$A$2:$A$218,0)),"Código não encontrado")) | H12: =IF(A12="","",COUNTIF(Chamados!$J$2:$J$501,A12))
F13: =IF(E13="","",IFERROR(INDEX(Unidades!$B$2:$B$218,MATCH(E13,Unidades!$A$2:$A$218,0)),"Código não encontrado")) | H13: =IF(A13="","",COUNTIF(Chamados!$J$2:$J$501,A13))
F14: =IF(E14="","",IFERROR(INDEX(Unidades!$B$2:$B$218,MATCH(E14,Unidades!$A$2:$A$218,0)),"Código não encontrado")) | H14: =IF(A14="","",COUNTIF(Chamados!$J$2:$J$501,A14))
... F501: =IF(E501="","",IFERROR(INDEX(Unidades!$B$2:$B$218,MATCH(E501,Unidades!$A$2:$A$218,0)),"Código não encontrado")) | H501: =IF(A501="","",COUNTIF(Chamados!$J$2:$J$501,A501))

Sheet Categorias
A1: Categoria | B1: Subcategorias (exemplos)
A2: Rede | B2: Sem internet, lentidão, Wi-Fi, link de operadora, switch/roteador
A3: Software | B3: Sistema de PDV, ERP, retaguarda, e-mail, acesso/senha
A4: Hardware | B4: Computador, monitor, impressora, leitor de código de barras, nobreak
A5: Balança | B5: Não liga, calibração, etiqueta, integração com PDV
A6: Telefonia fixa | B6: Ramal mudo, linha cortada, PABX
A7: Celular/coletor | B7: Defeito, bloqueio, aplicativo, troca de aparelho
A8: Cabos | B8: Rede, energia, HDMI, troca ou passagem de cabo
A9: Fontes/energia | B9: Fonte de PC, fonte de impressora, nobreak, tomada
A10: Outros | B10: Qualquer item fora da lista

Sheet Prioridade_SLA
A1: Prioridade | B1: SLA (horas) | C1: Prazo de atendimento | D1: Quando usar
A2: Crítica | B2: 1 | C2: Até 1 hora | D2: PDV parado, loja sem internet
A3: Alta | B3: 4 | C3: Até 4 horas | D3: Balança parada, impressora fiscal com defeito
A4: Média | B4: 24 | C4: Até 1 dia útil (24 h) | D4: Lentidão, periférico com falha
A5: Baixa | B5: 72 | C5: Até 3 dias úteis (72 h) | D5: Solicitação ou melhoria
A7: Regra sugerida: | B7: Elevar automaticamente a prioridade quando o chamado for de PDV ou rede em horário de funcionamento da loja (a ser implementado no sistema).
A8: Premissa: | B8: SLA em horas corridas; 'dia útil' convertido para 24 h por simplificação. Ajuste os valores em azul conforme a política da rede.

Sheet Chamados
A1: ID | B1: Data/hora abertura | C1: Cód. unidade | D1: Unidade | E1: Formato | F1: Solicitante | G1: Contato | H1: Categoria | I1: Subcategoria | J1: Ativo (patrimônio) | K1: Descrição | L1: Prioridade | M1: SLA (h) | N1: Prazo limite | O1: Status | P1: Técnico responsável | Q1: Data/hora resolução | R1: Tempo de resolução (h) | S1: SLA cumprido? | T1: Solução aplicada | U1: Peça trocada | V1: Foto/anexo (link)
A2: CH-0001 | B2: 46302.396 | C2: U001 | D2: =IF(C2="","",IFERROR(INDEX(Unidades!$B$2:$B$218,MATCH(C2,Unidades!$A$2:$A$218,0)),"Código não encontrado")) -> Exemplo – Hirota Super Centro | E2: =IF(C2="","",IFERROR(INDEX(Unidades!$C$2:$C$218,MATCH(C2,Unidades!$A$2:$A$218,0)),"")) -> Super | F2: João (gerente) | G2: (11) 90000-0001 | H2: Balança | I2: Não liga | J2: PAT-00001 | K2: Exemplo: balança do açougue não liga após queda de energia | L2: Alta | M2: =IF(L2="","",IFERROR(INDEX(Prioridade_SLA!$B$2:$B$5,MATCH(L2,Prioridade_SLA!$A$2:$A$5,0)),"")) -> 4 | N2: =IF(OR(B2="",M2=""),"",B2+M2/24) -> 46302.562 | O2: Resolvido | P2: Carlos (TI) | Q2: 46302.5 | R2: =IF(OR(B2="",Q2=""),"",(Q2-B2)*24) -> 2.5 | S2: =IF(OR(N2="",Q2=""),"",IF(Q2<=N2,"Sim","Não")) -> Sim | T2: Trocada a fonte de alimentação | U2: Fonte 12V
D3: =IF(C3="","",IFERROR(INDEX(Unidades!$B$2:$B$218,MATCH(C3,Unidades!$A$2:$A$218,0)),"Código não encontrado")) | E3: =IF(C3="","",IFERROR(INDEX(Unidades!$C$2:$C$218,MATCH(C3,Unidades!$A$2:$A$218,0)),"")) | M3: =IF(L3="","",IFERROR(INDEX(Prioridade_SLA!$B$2:$B$5,MATCH(L3,Prioridade_SLA!$A$2:$A$5,0)),"")) | N3: =IF(OR(B3="",M3=""),"",B3+M3/24) | R3: =IF(OR(B3="",Q3=""),"",(Q3-B3)*24) | S3: =IF(OR(N3="",Q3=""),"",IF(Q3<=N3,"Sim","Não"))
D4: =IF(C4="","",IFERROR(INDEX(Unidades!$B$2:$B$218,MATCH(C4,Unidades!$A$2:$A$218,0)),"Código não encontrado")) | E4: =IF(C4="","",IFERROR(INDEX(Unidades!$C$2:$C$218,MATCH(C4,Unidades!$A$2:$A$218,0)),"")) | M4: =IF(L4="","",IFERROR(INDEX(Prioridade_SLA!$B$2:$B$5,MATCH(L4,Prioridade_SLA!$A$2:$A$5,0)),"")) | N4: =IF(OR(B4="",M4=""),"",B4+M4/24) | R4: =IF(OR(B4="",Q4=""),"",(Q4-B4)*24) | S4: =IF(OR(N4="",Q4=""),"",IF(Q4<=N4,"Sim","Não"))
D5: =IF(C5="","",IFERROR(INDEX(Unidades!$B$2:$B$218,MATCH(C5,Unidades!$A$2:$A$218,0)),"Código não encontrado")) | E5: =IF(C5="","",IFERROR(INDEX(Unidades!$C$2:$C$218,MATCH(C5,Unidades!$A$2:$A$218,0)),"")) | M5: =IF(L5="","",IFERROR(INDEX(Prioridade_SLA!$B$2:$B$5,MATCH(L5,Prioridade_SLA!$A$2:$A$5,0)),"")) | N5: =IF(OR(B5="",M5=""),"",B5+M5/24) | R5: =IF(OR(B5="",Q5=""),"",(Q5-B5)*24) | S5: =IF(OR(N5="",Q5=""),"",IF(Q5<=N5,"Sim","Não"))
D6: =IF(C6="","",IFERROR(INDEX(Unidades!$B$2:$B$218,MATCH(C6,Unidades!$A$2:$A$218,0)),"Código não encontrado")) | E6: =IF(C6="","",IFERROR(INDEX(Unidades!$C$2:$C$218,MATCH(C6,Unidades!$A$2:$A$218,0)),"")) | M6: =IF(L6="","",IFERROR(INDEX(Prioridade_SLA!$B$2:$B$5,MATCH(L6,Prioridade_SLA!$A$2:$A$5,0)),"")) | N6: =IF(OR(B6="",M6=""),"",B6+M6/24) | R6: =IF(OR(B6="",Q6=""),"",(Q6-B6)*24) | S6: =IF(OR(N6="",Q6=""),"",IF(Q6<=N6,"Sim","Não"))
D7: =IF(C7="","",IFERROR(INDEX(Unidades!$B$2:$B$218,MATCH(C7,Unidades!$A$2:$A$218,0)),"Código não encontrado")) | E7: =IF(C7="","",IFERROR(INDEX(Unidades!$C$2:$C$218,MATCH(C7,Unidades!$A$2:$A$218,0)),"")) | M7: =IF(L7="","",IFERROR(INDEX(Prioridade_SLA!$B$2:$B$5,MATCH(L7,Prioridade_SLA!$A$2:$A$5,0)),"")) | N7: =IF(OR(B7="",M7=""),"",B7+M7/24) | R7: =IF(OR(B7="",Q7=""),"",(Q7-B7)*24) | S7: =IF(OR(N7="",Q7=""),"",IF(Q7<=N7,"Sim","Não"))
D8: =IF(C8="","",IFERROR(INDEX(Unidades!$B$2:$B$218,MATCH(C8,Unidades!$A$2:$A$218,0)),"Código não encontrado")) | E8: =IF(C8="","",IFERROR(INDEX(Unidades!$C$2:$C$218,MATCH(C8,Unidades!$A$2:$A$218,0)),"")) | M8: =IF(L8="","",IFERROR(INDEX(Prioridade_SLA!$B$2:$B$5,MATCH(L8,Prioridade_SLA!$A$2:$A$5,0)),"")) | N8: =IF(OR(B8="",M8=""),"",B8+M8/24) | R8: =IF(OR(B8="",Q8=""),"",(Q8-B8)*24) | S8: =IF(OR(N8="",Q8=""),"",IF(Q8<=N8,"Sim","Não"))
D9: =IF(C9="","",IFERROR(INDEX(Unidades!$B$2:$B$218,MATCH(C9,Unidades!$A$2:$A$218,0)),"Código não encontrado")) | E9: =IF(C9="","",IFERROR(INDEX(Unidades!$C$2:$C$218,MATCH(C9,Unidades!$A$2:$A$218,0)),"")) | M9: =IF(L9="","",IFERROR(INDEX(Prioridade_SLA!$B$2:$B$5,MATCH(L9,Prioridade_SLA!$A$2:$A$5,0)),"")) | N9: =IF(OR(B9="",M9=""),"",B9+M9/24) | R9: =IF(OR(B9="",Q9=""),"",(Q9-B9)*24) | S9: =IF(OR(N9="",Q9=""),"",IF(Q9<=N9,"Sim","Não"))
D10: =IF(C10="","",IFERROR(INDEX(Unidades!$B$2:$B$218,MATCH(C10,Unidades!$A$2:$A$218,0)),"Código não encontrado")) | E10: =IF(C10="","",IFERROR(INDEX(Unidades!$C$2:$C$218,MATCH(C10,Unidades!$A$2:$A$218,0)),"")) | M10: =IF(L10="","",IFERROR(INDEX(Prioridade_SLA!$B$2:$B$5,MATCH(L10,Prioridade_SLA!$A$2:$A$5,0)),"")) | N10: =IF(OR(B10="",M10=""),"",B10+M10/24) | R10: =IF(OR(B10="",Q10=""),"",(Q10-B10)*24) | S10: =IF(OR(N10="",Q10=""),"",IF(Q10<=N10,"Sim","Não"))
D11: =IF(C11="","",IFERROR(INDEX(Unidades!$B$2:$B$218,MATCH(C11,Unidades!$A$2:$A$218,0)),"Código não encontrado")) | E11: =IF(C11="","",IFERROR(INDEX(Unidades!$C$2:$C$218,MATCH(C11,Unidades!$A$2:$A$218,0)),"")) | M11: =IF(L11="","",IFERROR(INDEX(Prioridade_SLA!$B$2:$B$5,MATCH(L11,Prioridade_SLA!$A$2:$A$5,0)),"")) | N11: =IF(OR(B11="",M11=""),"",B11+M11/24) | R11: =IF(OR(B11="",Q11=""),"",(Q11-B11)*24) | S11: =IF(OR(N11="",Q11=""),"",IF(Q11<=N11,"Sim","Não"))
D12: =IF(C12="","",IFERROR(INDEX(Unidades!$B$2:$B$218,MATCH(C12,Unidades!$A$2:$A$218,0)),"Código não encontrado")) | E12: =IF(C12="","",IFERROR(INDEX(Unidades!$C$2:$C$218,MATCH(C12,Unidades!$A$2:$A$218,0)),"")) | M12: =IF(L12="","",IFERROR(INDEX(Prioridade_SLA!$B$2:$B$5,MATCH(L12,Prioridade_SLA!$A$2:$A$5,0)),"")) | N12: =IF(OR(B12="",M12=""),"",B12+M12/24) | R12: =IF(OR(B12="",Q12=""),"",(Q12-B12)*24) | S12: =IF(OR(N12="",Q12=""),"",IF(Q12<=N12,"Sim","Não"))
D13: =IF(C13="","",IFERROR(INDEX(Unidades!$B$2:$B$218,MATCH(C13,Unidades!$A$2:$A$218,0)),"Código não encontrado")) | E13: =IF(C13="","",IFERROR(INDEX(Unidades!$C$2:$C$218,MATCH(C13,Unidades!$A$2:$A$218,0)),"")) | M13: =IF(L13="","",IFERROR(INDEX(Prioridade_SLA!$B$2:$B$5,MATCH(L13,Prioridade_SLA!$A$2:$A$5,0)),"")) | N13: =IF(OR(B13="",M13=""),"",B13+M13/24) | R13: =IF(OR(B13="",Q13=""),"",(Q13-B13)*24) | S13: =IF(OR(N13="",Q13=""),"",IF(Q13<=N13,"Sim","Não"))
D14: =IF(C14="","",IFERROR(INDEX(Unidades!$B$2:$B$218,MATCH(C14,Unidades!$A$2:$A$218,0)),"Código não encontrado")) | E14: =IF(C14="","",IFERROR(INDEX(Unidades!$C$2:$C$218,MATCH(C14,Unidades!$A$2:$A$218,0)),"")) | M14: =IF(L14="","",IFERROR(INDEX(Prioridade_SLA!$B$2:$B$5,MATCH(L14,Prioridade_SLA!$A$2:$A$5,0)),"")) | N14: =IF(OR(B14="",M14=""),"",B14+M14/24) | R14: =IF(OR(B14="",Q14=""),"",(Q14-B14)*24) | S14: =IF(OR(N14="",Q14=""),"",IF(Q14<=N14,"Sim","Não"))
... D501: =IF(C501="","",IFERROR(INDEX(Unidades!$B$2:$B$218,MATCH(C501,Unidades!$A$2:$A$218,0)),"Código não encontrado")) | E501: =IF(C501="","",IFERROR(INDEX(Unidades!$C$2:$C$218,MATCH(C501,Unidades!$A$2:$A$218,0)),"")) | M501: =IF(L501="","",IFERROR(INDEX(Prioridade_SLA!$B$2:$B$5,MATCH(L501,Prioridade_SLA!$A$2:$A$5,0)),"")) | N501: =IF(OR(B501="",M501=""),"",B501+M501/24) | R501: =IF(OR(B501="",Q501=""),"",(Q501-B501)*24) | S501: =IF(OR(N501="",Q501=""),"",IF(Q501<=N501,"Sim","Não"))

Sheet Fluxo_Status
A1: Ordem | B1: Status | C1: O que significa
A2: 1 | B2: Aberto | C2: Chamado registrado pela loja.
A3: 2 | B3: Triagem | C3: TI avalia categoria, prioridade e define o responsável.
A4: 3 | B4: Em atendimento | C4: Técnico trabalhando na solução (remota ou presencial).
A5: 4 | B5: Aguardando peça/fornecedor | C5: Depende de peça, envio de equipamento ou retorno de fornecedor/operadora.
A6: 5 | B6: Resolvido | C6: Solução aplicada; aguardando confirmação da loja.
A7: 6 | B7: Fechado | C7: Loja confirmou a solução e o chamado foi encerrado.

Sheet Dashboard
A1: Dashboard de Chamados – Rede Hirota
A3: Total de chamados | B3: =COUNTA(Chamados!$A$2:$A$501) -> 1
A4: Chamados em aberto (exceto Resolvido/Fechado) | B4: =B3-COUNTIF(Chamados!$O$2:$O$501,"Resolvido")-COUNTIF(Chamados!$O$2:$O$501,"Fechado") -> 0
A5: Chamados resolvidos/fechados | B5: =COUNTIF(Chamados!$O$2:$O$501,"Resolvido")+COUNTIF(Chamados!$O$2:$O$501,"Fechado") -> 1
A6: % SLA cumprido | B6: =IFERROR(COUNTIF(Chamados!$S$2:$S$501,"Sim")/(COUNTIF(Chamados!$S$2:$S$501,"Sim")+COUNTIF(Chamados!$S$2:$S$501,"Não")),0) -> 1
A7: Tempo médio de resolução (h) | B7: =IFERROR(AVERAGE(Chamados!$R$2:$R$501),0) -> 2.5
A10: Por status
A11: Item | B11: Chamados
A12: Aberto | B12: =COUNTIF(Chamados!$O$2:$O$501,A12) -> 0
A13: Triagem | B13: =COUNTIF(Chamados!$O$2:$O$501,A13) -> 0
A14: Em atendimento | B14: =COUNTIF(Chamados!$O$2:$O$501,A14) -> 0
A15: Aguardando peça/fornecedor | B15: =COUNTIF(Chamados!$O$2:$O$501,A15) -> 0
A16: Resolvido | B16: =COUNTIF(Chamados!$O$2:$O$501,A16) -> 1
A17: Fechado | B17: =COUNTIF(Chamados!$O$2:$O$501,A17) -> 0
A20: Por categoria
A21: Item | B21: Chamados | C21: Tempo médio (h)
A22: Rede | B22: =COUNTIF(Chamados!$H$2:$H$501,A22) -> 0 | C22: =IFERROR(AVERAGEIFS(Chamados!$R$2:$R$501,Chamados!$H$2:$H$501,A22),0) -> 0
A23: Software | B23: =COUNTIF(Chamados!$H$2:$H$501,A23) -> 0 | C23: =IFERROR(AVERAGEIFS(Chamados!$R$2:$R$501,Chamados!$H$2:$H$501,A23),0) -> 0
A24: Hardware | B24: =COUNTIF(Chamados!$H$2:$H$501,A24) -> 0 | C24: =IFERROR(AVERAGEIFS(Chamados!$R$2:$R$501,Chamados!$H$2:$H$501,A24),0) -> 0
A25: Balança | B25: =COUNTIF(Chamados!$H$2:$H$501,A25) -> 1 | C25: =IFERROR(AVERAGEIFS(Chamados!$R$2:$R$501,Chamados!$H$2:$H$501,A25),0) -> 2.5
A26: Telefonia fixa | B26: =COUNTIF(Chamados!$H$2:$H$501,A26) -> 0 | C26: =IFERROR(AVERAGEIFS(Chamados!$R$2:$R$501,Chamados!$H$2:$H$501,A26),0) -> 0
A27: Celular/coletor | B27: =COUNTIF(Chamados!$H$2:$H$501,A27) -> 0 | C27: =IFERROR(AVERAGEIFS(Chamados!$R$2:$R$501,Chamados!$H$2:$H$501,A27),0) -> 0
A28: Cabos | B28: =COUNTIF(Chamados!$H$2:$H$501,A28) -> 0 | C28: =IFERROR(AVERAGEIFS(Chamados!$R$2:$R$501,Chamados!$H$2:$H$501,A28),0) -> 0
A29: Fontes/energia | B29: =COUNTIF(Chamados!$H$2:$H$501,A29) -> 0 | C29: =IFERROR(AVERAGEIFS(Chamados!$R$2:$R$501,Chamados!$H$2:$H$501,A29),0) -> 0
A30: Outros | B30: =COUNTIF(Chamados!$H$2:$H$501,A30) -> 0 | C30: =IFERROR(AVERAGEIFS(Chamados!$R$2:$R$501,Chamados!$H$2:$H$501,A30),0) -> 0
A33: Por formato de loja
A34: Item | B34: Chamados | C34: Tempo médio (h)
A35: Super | B35: =COUNTIF(Chamados!$E$2:$E$501,A35) -> 1 | C35: =IFERROR(AVERAGEIFS(Chamados!$R$2:$R$501,Chamados!$E$2:$E$501,A35),0) -> 2.5
A36: Express | B36: =COUNTIF(Chamados!$E$2:$E$501,A36) -> 0 | C36: =IFERROR(AVERAGEIFS(Chamados!$R$2:$R$501,Chamados!$E$2:$E$501,A36),0) -> 0
A37: Em Casa | B37: =COUNTIF(Chamados!$E$2:$E$501,A37) -> 0 | C37: =IFERROR(AVERAGEIFS(Chamados!$R$2:$R$501,Chamados!$E$2:$E$501,A37),0) -> 0
A40: Por prioridade
A41: Item | B41: Chamados | C41: Tempo médio (h)
A42: Crítica | B42: =COUNTIF(Chamados!$L$2:$L$501,A42) -> 0 | C42: =IFERROR(AVERAGEIFS(Chamados!$R$2:$R$501,Chamados!$L$2:$L$501,A42),0) -> 0
A43: Alta | B43: =COUNTIF(Chamados!$L$2:$L$501,A43) -> 1 | C43: =IFERROR(AVERAGEIFS(Chamados!$R$2:$R$501,Chamados!$L$2:$L$501,A43),0) -> 2.5
A44: Média | B44: =COUNTIF(Chamados!$L$2:$L$501,A44) -> 0 | C44: =IFERROR(AVERAGEIFS(Chamados!$R$2:$R$501,Chamados!$L$2:$L$501,A44),0) -> 0
A45: Baixa | B45: =COUNTIF(Chamados!$L$2:$L$501,A45) -> 0 | C45: =IFERROR(AVERAGEIFS(Chamados!$R$2:$R$501,Chamados!$L$2:$L$501,A45),0) -> 0

Sheet Recursos
A1: Recurso | B1: Descrição | C1: Status
A2: Abertura pelo celular ou WhatsApp | B2: A loja raramente está em frente a um computador; abertura simples é essencial. | C2: Pendente
A3: Notificações automáticas | B3: Avisos por e-mail ou WhatsApp a cada mudança de status. | C3: Pendente
A4: Escalonamento por SLA | B4: Alerta ao supervisor quando o prazo do chamado estoura. | C4: Pendente
A5: Dashboard | B5: Chamados por unidade, categoria, formato e tempo médio de resolução. | C5: Pendente
A6: Controle de peças e equipamentos enviados | B6: Registro do que foi enviado às lojas e do retorno. | C6: Pendente
A7: Relatório mensal de reincidência | B7: Identifica lojas e equipamentos problemáticos. | C7: Pendente
A8: Anexo de foto | B8: Muito útil para cabos, fontes e equipamentos danificados. | C8: Pendente
A9: Confirmação de fechamento pela loja | B9: Chamado só é fechado após a loja confirmar a solução. | C9: Pendente

Sheet Opções_Implantação
A1: Opção | B1: Exemplos / quando faz sentido | C1: Vantagens | D1: Pontos de atenção
A2: Ferramenta pronta | B2: GLPI (gratuito, com gestão de ativos), Freshdesk, Zoho Desk, Movidesk | C2: Implantação rápida; SLA e relatórios já incluídos | D2: Personalização limitada ao que a ferramenta oferece
A3: Sob medida | B3: Fluxo muito específico da rede Hirota, integração com cadastro de lojas ou WhatsApp | C3: Aderência total ao processo da rede | D3: Maior prazo e custo de desenvolvimento e manutenção

Sheet Listas
A1: Categorias | B1: Subcategorias | C1: Prioridades | D1: Status | E1: Formatos | F1: Tipos de ativo | G1: Status do ativo | H1: Status do recurso
A2: Rede | B2: Sem internet | C2: Crítica | D2: Aberto | E2: Super | F2: Balança | G2: Em uso | H2: Pendente
A3: Software | B3: Lentidão | C3: Alta | D3: Triagem | E3: Express | F3: PDV | G3: Em manutenção | H3: Em andamento
A4: Hardware | B4: Wi-Fi | C4: Média | D4: Em atendimento | E4: Em Casa | F4: Computador | G4: Reserva | H4: Concluído
A5: Balança | B5: Link de operadora | C5: Baixa | D5: Aguardando peça/fornecedor | F5: Impressora | G5: Baixado
A6: Telefonia fixa | B6: Switch/roteador | D6: Resolvido | F6: Roteador
A7: Celular/coletor | B7: Sistema de PDV | D7: Fechado | F7: Switch
A8: Cabos | B8: ERP | F8: Nobreak
A9: Fontes/energia | B9: Retaguarda | F9: Celular
A10: Outros | B10: E-mail | F10: Coletor
B11: Acesso/senha | F11: Telefone fixo
B12: Computador | F12: Outro
B13: Monitor
B14: Impressora
B15: Leitor de código de barras
B16: Nobreak
B17: Não liga
B18: Calibração
B19: Etiqueta
B20: Integração com PDV
B21: Ramal mudo
B22: Linha cortada
B23: PABX
B24: Defeito
... B35: Outros
